{
  "lang":"en",
  "name":"pipeline",
  "version":"0.0.0",
  "spacy_version":">=3.7.1,<3.8.0",
  "description":"",
  "author":"",
  "email":"",
  "url":"",
  "license":"",
  "spacy_git_version":"9d036607f",
  "vectors":{
    "width":0,
    "vectors":0,
    "keys":0,
    "name":null,
    "mode":"default"
  },
  "labels":{
    "parser":[
      "-",
      "ROOT",
      "adj",
      "dep",
      "det",
      "prep",
      "quantity"
    ]
  },
  "pipeline":[
    "parser"
  ],
  "components":[
    "parser"
  ],
  "disabled":[

  ]
}